FID,Año,Región,Comuna,Calle_Uno,Calle_Dos,Número,Claseaccid,Cód_Regi,Cód_Zona,Zona,Intersecci,Ruta,Ubicaci_1,Siniestros,Fallecidos,Menos_grav,Leves,Ilesos,Graves
1,2022,REGION METROPOLITANA,BUIN,JOSE MANUEL BALMACEDA,ANIBAL PINTO,0,1,13,1,URBANA,ANIBAL PINTO - JOSE MANUEL BALMACEDA, , ,6,0,1,2,9,0
2,2022,REGION METROPOLITANA,BUIN,JOSE MANUEL BALMACEDA,BERNARDO O'HIGGINS,0,1,13,1,URBANA,BERNARDO O'HIGGINS - JOSE MANUEL BALMACEDA, , ,6,0,2,3,7,0
3,2022,REGION METROPOLITANA,CALERA DE TANGO,CALERA DE TANGO, ,8,1,13,1,URBANA,- CALERA DE TANGO, , ,5,0,0,6,9,0
4,2022,REGION METROPOLITANA,CALERA DE TANGO,CALERA DE TANGO,CAMINO A LONQUEN,0,1,13,1,URBANA,CALERA DE TANGO - CAMINO A LONQUEN, , ,15,0,0,8,24,1
5,2022,REGION METROPOLITANA,CALERA DE TANGO,CAMINO A LONQUEN, ,13,1,13,1,URBANA,- CAMINO A LONQUEN, , ,5,0,0,2,8,0
6,2022,REGION METROPOLITANA,CALERA DE TANGO,CAMINO A LONQUEN,EL COPIHUE,0,1,13,1,URBANA,CAMINO A LONQUEN - EL COPIHUE, , ,6,0,0,3,10,0
7,2022,REGION METROPOLITANA,CALERA DE TANGO,CAMINO A LONQUEN,EL TREBOL,0,1,13,1,URBANA,CAMINO A LONQUEN - EL TREBOL, , ,5,0,0,2,14,0
8,2022,REGION METROPOLITANA,CERRILLOS,ALC CARLOS VALDOVINOS,AVDA 1,0,1,13,1,URBANA,ALC CARLOS VALDOVINOS - AVDA 1, , ,6,0,0,1,11,1
9,2022,REGION METROPOLITANA,CERRILLOS,AMERICO VESPUCIO, ,1501,1,13,1,URBANA,- AMERICO VESPUCIO, , ,21,0,1,0,42,2
10,2022,REGION METROPOLITANA,CERRILLOS,AMERICO VESPUCIO, ,2500,1,13,1,URBANA,- AMERICO VESPUCIO, , ,6,0,0,1,10,0
11,2022,REGION METROPOLITANA,CERRILLOS,AMERICO VESPUCIO,AEROPUERTO,0,1,13,1,URBANA,AEROPUERTO - AMERICO VESPUCIO, , ,6,0,0,0,12,0
12,2022,REGION METROPOLITANA,CERRILLOS,AMERICO VESPUCIO,CAMINO A LONQUEN,0,1,13,1,URBANA,AMERICO VESPUCIO - CAMINO A LONQUEN, , ,18,0,2,5,28,2
13,2022,REGION METROPOLITANA,CERRILLOS,AMERICO VESPUCIO,CAMINO A MELIPILLA,0,1,13,1,URBANA,AMERICO VESPUCIO - CAMINO A MELIPILLA, , ,8,0,0,3,15,0
14,2022,REGION METROPOLITANA,CERRILLOS,AMERICO VESPUCIO,GRAL VELASQUEZ,0,1,13,1,URBANA,AMERICO VESPUCIO - GRAL VELASQUEZ, , ,7,0,0,1,13,2
15,2022,REGION METROPOLITANA,CERRILLOS,CAMINO A LONQUEN,AMERICO VESPUCIO,0,1,13,1,URBANA,AMERICO VESPUCIO - CAMINO A LONQUEN, , ,10,0,0,7,17,5
16,2022,REGION METROPOLITANA,CERRILLOS,CAMINO A MELIPILLA,AMERICO VESPUCIO,0,1,13,1,URBANA,AMERICO VESPUCIO - CAMINO A MELIPILLA, , ,10,0,0,2,17,0
17,2022,REGION METROPOLITANA,CERRILLOS,LO ERRAZURIZ,CERRILLOS,0,1,13,1,URBANA,CERRILLOS - LO ERRAZURIZ, , ,5,0,0,3,6,0
18,2022,REGION METROPOLITANA,CERRILLOS,LO ERRAZURIZ,PDTE SALVADOR ALLENDE,0,1,13,1,URBANA,LO ERRAZURIZ - PDTE SALVADOR ALLENDE, , ,6,0,0,0,10,0
19,2022,REGION METROPOLITANA,CERRILLOS,PEDRO AGUIRRE CERDA,ALC CARLOS VALDOVINOS,0,1,13,1,URBANA,ALC CARLOS VALDOVINOS - PEDRO AGUIRRE CERDA, , ,5,0,0,5,11,1
20,2022,REGION METROPOLITANA,CERRILLOS,PEDRO AGUIRRE CERDA,DEPARTAMENTAL,0,1,13,1,URBANA,DEPARTAMENTAL - PEDRO AGUIRRE CERDA, , ,12,0,0,2,23,0
21,2022,REGION METROPOLITANA,CERRILLOS,PEDRO AGUIRRE CERDA,EL MIRADOR,0,1,13,1,URBANA,EL MIRADOR - PEDRO AGUIRRE CERDA, , ,5,0,1,6,7,1
22,2022,REGION METROPOLITANA,CERRILLOS,PEDRO AGUIRRE CERDA,LAS AMERICAS,0,1,13,1,URBANA,LAS AMERICAS - PEDRO AGUIRRE CERDA, , ,6,0,0,2,10,1
23,2022,REGION METROPOLITANA,CERRILLOS,PEDRO AGUIRRE CERDA,LO ERRAZURIZ,0,1,13,1,URBANA,LO ERRAZURIZ - PEDRO AGUIRRE CERDA, , ,8,0,0,2,12,3
24,2022,REGION METROPOLITANA,COLINA,CHICUREO, ,2000,1,13,1,URBANA,- CHICUREO, , ,5,0,0,1,9,0
25,2022,REGION METROPOLITANA,CONCHALI,AMERICO VESPUCIO,GRAL GAMBINO,0,1,13,1,URBANA,AMERICO VESPUCIO - GRAL GAMBINO, , ,7,0,0,1,8,0
26,2022,REGION METROPOLITANA,CONCHALI,DORSAL,INDEPENDENCIA,0,1,13,1,URBANA,DORSAL - INDEPENDENCIA, , ,5,0,0,3,5,0
27,2022,REGION METROPOLITANA,CONCHALI,INDEPENDENCIA,DORSAL,0,1,13,1,URBANA,DORSAL - INDEPENDENCIA, , ,5,0,0,3,4,0
28,2022,REGION METROPOLITANA,CONCHALI,PDTE EDUARDO FREI MONTALVA,LOS ZAPADORES,0,1,13,1,URBANA,LOS ZAPADORES - PDTE EDUARDO FREI MONTALVA, , ,9,1,0,2,12,1
29,2022,REGION METROPOLITANA,EL BOSQUE,GRAN AVDA JOSE MIGUEL CARRERA, ,10375,1,13,1,URBANA,- GRAN AVDA JOSE MIGUEL CARRERA, , ,8,0,0,1,15,0
30,2022,REGION METROPOLITANA,EL BOSQUE,GRAN AVDA JOSE MIGUEL CARRERA,ALEJANDRO GUZMAN,0,1,13,1,URBANA,ALEJANDRO GUZMAN - GRAN AVDA JOSE MIGUEL CARRERA, , ,6,0,0,2,10,0
31,2022,REGION METROPOLITANA,EL BOSQUE,GRAN AVDA JOSE MIGUEL CARRERA,CENTRAL,0,1,13,1,URBANA,CENTRAL - GRAN AVDA JOSE MIGUEL CARRERA, , ,7,0,2,1,10,0
32,2022,REGION METROPOLITANA,EL BOSQUE,GRAN AVDA JOSE MIGUEL CARRERA,CLAUDIO ARRAU,0,1,13,1,URBANA,CLAUDIO ARRAU - GRAN AVDA JOSE MIGUEL CARRERA, , ,6,0,0,5,7,0
33,2022,REGION METROPOLITANA,EL BOSQUE,GRAN AVDA JOSE MIGUEL CARRERA,OBSERVATORIO,0,1,13,1,URBANA,GRAN AVDA JOSE MIGUEL CARRERA - OBSERVATORIO, , ,5,0,0,4,7,1
34,2022,REGION METROPOLITANA,ESTACION CENTRAL,5 DE ABRIL,AEROPUERTO,0,1,13,1,URBANA,5 DE ABRIL - AEROPUERTO, , ,7,0,0,5,8,1
35,2022,REGION METROPOLITANA,ESTACION CENTRAL,5 DE ABRIL,GRAL AMENGUAL,0,1,13,1,URBANA,5 DE ABRIL - GRAL AMENGUAL, , ,5,0,0,5,4,0
36,2022,REGION METROPOLITANA,ESTACION CENTRAL,5 DE ABRIL,LAS REJAS SUR,0,1,13,1,URBANA,5 DE ABRIL - LAS REJAS SUR, , ,8,0,1,1,13,1
37,2022,REGION METROPOLITANA,ESTACION CENTRAL,8 DE ENERO,PADRE ALBERTO HURTADO,0,1,13,1,URBANA,8 DE ENERO - PADRE ALBERTO HURTADO, , ,5,0,0,3,5,0
38,2022,REGION METROPOLITANA,ESTACION CENTRAL,ARICA,TORO MAZOTTE,0,1,13,1,URBANA,ARICA - TORO MAZOTTE, , ,5,0,0,3,6,0
39,2022,REGION METROPOLITANA,ESTACION CENTRAL,GRAL VELASQUEZ,LIBER BERNARDO O`HIGGINS,0,1,13,1,URBANA,GRAL VELASQUEZ - LIBER BERNARDO O`HIGGINS, , ,6,1,1,0,9,0
40,2022,REGION METROPOLITANA,ESTACION CENTRAL,LAS REJAS SUR,5 DE ABRIL,0,1,13,1,URBANA,5 DE ABRIL - LAS REJAS SUR, , ,5,1,0,0,6,1
41,2022,REGION METROPOLITANA,ESTACION CENTRAL,LIBER BERNARDO O`HIGGINS,GRAL AMENGUAL,0,1,13,1,URBANA,GRAL AMENGUAL - LIBER BERNARDO O`HIGGINS, , ,6,0,0,1,11,0
42,2022,REGION METROPOLITANA,ESTACION CENTRAL,LIBER BERNARDO O`HIGGINS,GRAL VELASQUEZ,0,1,13,1,URBANA,GRAL VELASQUEZ - LIBER BERNARDO O`HIGGINS, , ,9,0,0,5,15,0
43,2022,REGION METROPOLITANA,ESTACION CENTRAL,LIBER BERNARDO O`HIGGINS,LAS REJAS NORTE,0,1,13,1,URBANA,LAS REJAS NORTE - LIBER BERNARDO O`HIGGINS, , ,6,0,0,1,9,0
44,2022,REGION METROPOLITANA,ESTACION CENTRAL,LIBER BERNARDO O`HIGGINS,LAS REJAS SUR,0,1,13,1,URBANA,LAS REJAS SUR - LIBER BERNARDO O`HIGGINS, , ,8,0,0,0,16,0
45,2022,REGION METROPOLITANA,ESTACION CENTRAL,LIBER BERNARDO O`HIGGINS,NICASIO RETAMALES,0,1,13,1,URBANA,LIBER BERNARDO O`HIGGINS - NICASIO RETAMALES, , ,10,1,0,3,14,0
46,2022,REGION METROPOLITANA,ESTACION CENTRAL,LIBER BERNARDO O`HIGGINS,PADRE ALBERTO HURTADO,0,1,13,1,URBANA,LIBER BERNARDO O`HIGGINS - PADRE ALBERTO HURTADO, , ,5,0,1,0,6,0
47,2022,REGION METROPOLITANA,ESTACION CENTRAL,LIBER BERNARDO O`HIGGINS,TORO MAZOTTE,0,1,13,1,URBANA,LIBER BERNARDO O`HIGGINS - TORO MAZOTTE, , ,9,0,0,2,17,0
48,2022,REGION METROPOLITANA,ESTACION CENTRAL,MANUEL CHACON,PEDRO AGUIRRE CERDA,0,1,13,1,URBANA,MANUEL CHACON - PEDRO AGUIRRE CERDA, , ,6,0,0,2,7,3
49,2022,REGION METROPOLITANA,HUECHURABA,AMERICO VESPUCIO, ,1737,1,13,1,URBANA,- AMERICO VESPUCIO, , ,5,0,0,3,7,0
50,2022,REGION METROPOLITANA,HUECHURABA,AMERICO VESPUCIO,EL SALTO,0,1,13,1,URBANA,AMERICO VESPUCIO - EL SALTO, , ,11,0,0,5,16,1
51,2022,REGION METROPOLITANA,HUECHURABA,AMERICO VESPUCIO,PEDRO FONTOVA,0,1,13,1,URBANA,AMERICO VESPUCIO - PEDRO FONTOVA, , ,12,0,1,8,18,1
52,2022,REGION METROPOLITANA,HUECHURABA,AMERICO VESPUCIO,RECOLETA,0,1,13,1,URBANA,AMERICO VESPUCIO - RECOLETA, , ,15,0,0,11,25,1
53,2022,REGION METROPOLITANA,HUECHURABA,PEDRO FONTOVA,STA ELENA DE HUECHURABA,0,1,13,1,URBANA,PEDRO FONTOVA - STA ELENA DE HUECHURABA, , ,12,0,2,1,20,0
54,2022,REGION METROPOLITANA,HUECHURABA,RECOLETA,DEL PINCOY,0,1,13,1,URBANA,DEL PINCOY - RECOLETA, , ,7,0,0,1,12,0
55,2022,REGION METROPOLITANA,INDEPENDENCIA,FERMIN VIVACETA,ANIBAL PINTO,0,1,13,1,URBANA,ANIBAL PINTO - FERMIN VIVACETA, , ,8,0,0,1,10,1
56,2022,REGION METROPOLITANA,INDEPENDENCIA,GRAL BORGONO,INDEPENDENCIA,0,1,13,1,URBANA,GRAL BORGONO - INDEPENDENCIA, , ,6,0,1,3,3,2
57,2022,REGION METROPOLITANA,INDEPENDENCIA,INDEPENDENCIA,FRANCIA,0,1,13,1,URBANA,FRANCIA - INDEPENDENCIA, , ,7,0,0,3,7,1
58,2022,REGION METROPOLITANA,INDEPENDENCIA,INDEPENDENCIA,GAMERO,0,1,13,1,URBANA,GAMERO - INDEPENDENCIA, , ,8,0,1,0,12,1
59,2022,REGION METROPOLITANA,INDEPENDENCIA,INDEPENDENCIA,HIPODROMO CHILE,0,1,13,1,URBANA,HIPODROMO CHILE - INDEPENDENCIA, , ,5,0,0,0,5,3
60,2022,REGION METROPOLITANA,INDEPENDENCIA,INDEPENDENCIA,OLIVOS,0,1,13,1,URBANA,INDEPENDENCIA - OLIVOS, , ,5,0,1,2,5,2
61,2022,REGION METROPOLITANA,LA CISTERNA,AMERICO VESPUCIO, ,33,1,13,1,URBANA,- AMERICO VESPUCIO, , ,5,0,0,1,10,0
62,2022,REGION METROPOLITANA,LA CISTERNA,AMERICO VESPUCIO,GRAN AVDA JOSE MIGUEL CARRERA,0,1,13,1,URBANA,AMERICO VESPUCIO - GRAN AVDA JOSE MIGUEL CARRERA, , ,40,1,0,7,72,3
63,2022,REGION METROPOLITANA,LA CISTERNA,AMERICO VESPUCIO,LETRAS,0,1,13,1,URBANA,AMERICO VESPUCIO - LETRAS, , ,10,0,0,1,23,0
64,2022,REGION METROPOLITANA,LA CISTERNA,GRAN AVDA JOSE MIGUEL CARRERA,AMERICO VESPUCIO,0,1,13,1,URBANA,AMERICO VESPUCIO - GRAN AVDA JOSE MIGUEL CARRERA, , ,24,0,0,2,44,2
65,2022,REGION METROPOLITANA,LA CISTERNA,GRAN AVDA JOSE MIGUEL CARRERA,ELIAS FERNANDEZ ALBANO,0,1,13,1,URBANA,ELIAS FERNANDEZ ALBANO - GRAN AVDA JOSE MIGUEL CARRERA, , ,7,0,1,2,12,0
66,2022,REGION METROPOLITANA,LA CISTERNA,GRAN AVDA JOSE MIGUEL CARRERA,GOYCOLEA,0,1,13,1,URBANA,GOYCOLEA - GRAN AVDA JOSE MIGUEL CARRERA, , ,7,0,0,0,14,0
67,2022,REGION METROPOLITANA,LA CISTERNA,GRAN AVDA JOSE MIGUEL CARRERA,GRAL FREIRE,0,1,13,1,URBANA,GRAL FREIRE - GRAN AVDA JOSE MIGUEL CARRERA, , ,5,0,0,1,10,0
68,2022,REGION METROPOLITANA,LA CISTERNA,GRAN AVDA JOSE MIGUEL CARRERA,LO OVALLE,0,1,13,1,URBANA,GRAN AVDA JOSE MIGUEL CARRERA - LO OVALLE, , ,5,0,0,1,8,1
69,2022,REGION METROPOLITANA,LA CISTERNA,GRAN AVDA JOSE MIGUEL CARRERA,OSSA,0,1,13,1,URBANA,GRAN AVDA JOSE MIGUEL CARRERA - OSSA, , ,7,0,0,1,13,0
70,2022,REGION METROPOLITANA,LA CISTERNA,GRAN AVDA JOSE MIGUEL CARRERA,TRINIDAD RAMIREZ,0,1,13,1,URBANA,GRAN AVDA JOSE MIGUEL CARRERA - TRINIDAD RAMIREZ, , ,5,0,0,0,9,1
71,2022,REGION METROPOLITANA,LA CISTERNA,GRAN AVDA JOSE MIGUEL CARRERA,VICUÑA MACKENNA,0,1,13,1,URBANA,GRAN AVDA JOSE MIGUEL CARRERA - VICUÑA MACKENNA, , ,9,0,0,0,17,0
72,2022,REGION METROPOLITANA,LA CISTERNA,JOSE JOAQUIN PRIETO VIAL,EL PARRON,0,1,13,1,URBANA,EL PARRON - JOSE JOAQUIN PRIETO VIAL, , ,5,0,0,3,8,1
73,2022,REGION METROPOLITANA,LA FLORIDA,DEPARTAMENTAL,VICUÑA MACKENNA ORIENTE,0,1,13,1,URBANA,DEPARTAMENTAL - VICUÑA MACKENNA ORIENTE, , ,5,0,0,1,8,1
74,2022,REGION METROPOLITANA,LA FLORIDA,LA FLORIDA,DEPARTAMENTAL,0,1,13,1,URBANA,DEPARTAMENTAL - LA FLORIDA, , ,5,0,0,0,10,0
75,2022,REGION METROPOLITANA,LA FLORIDA,LA FLORIDA,ROJAS MAGALLANES,0,1,13,1,URBANA,LA FLORIDA - ROJAS MAGALLANES, , ,6,0,0,2,7,0
76,2022,REGION METROPOLITANA,LA FLORIDA,LA FLORIDA,TRINIDAD,0,1,13,1,URBANA,LA FLORIDA - TRINIDAD, , ,5,0,0,1,9,0
77,2022,REGION METROPOLITANA,LA FLORIDA,STA RAQUEL,JOSE MIGUEL CARRERA,0,1,13,1,URBANA,JOSE MIGUEL CARRERA - STA RAQUEL, , ,6,1,0,3,4,1
78,2022,REGION METROPOLITANA,LA FLORIDA,VICUÑA MACKENNA ORIENTE,AMERICO VESPUCIO,0,1,13,1,URBANA,AMERICO VESPUCIO - VICUÑA MACKENNA ORIENTE, , ,9,0,1,10,9,2
79,2022,REGION METROPOLITANA,LA FLORIDA,VICUÑA MACKENNA ORIENTE,DEPARTAMENTAL,0,1,13,1,URBANA,DEPARTAMENTAL - VICUÑA MACKENNA ORIENTE, , ,7,0,1,7,5,3
80,2022,REGION METROPOLITANA,LA FLORIDA,VICUÑA MACKENNA PONIENTE,AMERICO VESPUCIO,0,1,13,1,URBANA,AMERICO VESPUCIO - VICUÑA MACKENNA PONIENTE, , ,5,0,0,3,4,2
81,2022,REGION METROPOLITANA,LA FLORIDA,VICUÑA MACKENNA PONIENTE,DR SOTERO DEL RIO,0,1,13,1,URBANA,DR SOTERO DEL RIO - VICUÑA MACKENNA PONIENTE, , ,5,0,1,0,9,0
82,2022,REGION METROPOLITANA,LA FLORIDA,VICUÑA MACKENNA PONIENTE,SAN CARLOS DE ANCUD,0,1,13,1,URBANA,SAN CARLOS DE ANCUD - VICUÑA MACKENNA PONIENTE, , ,6,0,0,4,6,2
83,2022,REGION METROPOLITANA,LA GRANJA,AMERICO VESPUCIO,STA ROSA,0,1,13,1,URBANA,AMERICO VESPUCIO - STA ROSA, , ,13,1,1,0,20,2
84,2022,REGION METROPOLITANA,LA GRANJA,STA ROSA,AMERICO VESPUCIO,0,1,13,1,URBANA,AMERICO VESPUCIO - STA ROSA, , ,7,0,1,3,10,1
85,2022,REGION METROPOLITANA,LA PINTANA,CALETERA ACCESO SUR,DOCTOR AMADOR NEGHME,0,1,13,1,URBANA,CALETERA ACCESO SUR - DOCTOR AMADOR NEGHME, , ,5,0,0,3,10,0
86,2022,REGION METROPOLITANA,LA PINTANA,CALETERA ACCESO SUR,GABRIELA,0,1,13,1,URBANA,CALETERA ACCESO SUR - GABRIELA, , ,7,0,0,0,14,0
87,2022,REGION METROPOLITANA,LA PINTANA,CAMINO EL MARISCAL,LOS DURAZNOS,0,1,13,1,URBANA,CAMINO EL MARISCAL - LOS DURAZNOS, , ,5,0,0,0,8,0
88,2022,REGION METROPOLITANA,LA PINTANA,GABRIELA,CALETERA ACCESO SUR,0,1,13,1,URBANA,CALETERA ACCESO SUR - GABRIELA, , ,5,0,0,1,9,0
89,2022,REGION METROPOLITANA,LA PINTANA,GABRIELA,JUANITA,0,1,13,1,URBANA,GABRIELA - JUANITA, , ,15,0,0,2,23,6
90,2022,REGION METROPOLITANA,LA PINTANA,GABRIELA,STA ROSA,0,1,13,1,URBANA,GABRIELA - STA ROSA, , ,7,0,0,6,10,0
91,2022,REGION METROPOLITANA,LA PINTANA,STA ROSA,BALDOMERO LILLO,0,1,13,1,URBANA,BALDOMERO LILLO - STA ROSA, , ,8,0,0,5,13,2
92,2022,REGION METROPOLITANA,LA PINTANA,STA ROSA,CAMINO EL MARISCAL,0,1,13,1,URBANA,CAMINO EL MARISCAL - STA ROSA, , ,9,0,0,3,12,0
93,2022,REGION METROPOLITANA,LA PINTANA,STA ROSA,EL OMBU,0,1,13,1,URBANA,EL OMBU - STA ROSA, , ,7,0,0,2,11,5
94,2022,REGION METROPOLITANA,LA PINTANA,STA ROSA,GABRIELA,0,1,13,1,URBANA,GABRIELA - STA ROSA, , ,11,1,0,7,20,0
95,2022,REGION METROPOLITANA,LA PINTANA,STA ROSA,LO BLANCO,0,1,13,1,URBANA,LO BLANCO - STA ROSA, , ,5,0,0,2,7,1
96,2022,REGION METROPOLITANA,LA PINTANA,STA ROSA,LO MARTINEZ,0,1,13,1,URBANA,LO MARTINEZ - STA ROSA, , ,9,1,0,6,11,1
97,2022,REGION METROPOLITANA,LA PINTANA,STA ROSA,OBSERVATORIO,0,1,13,1,URBANA,OBSERVATORIO - STA ROSA, , ,8,0,1,5,10,2
98,2022,REGION METROPOLITANA,LAS CONDES,PDTE KENNEDY, ,5413,1,13,1,URBANA,- PDTE KENNEDY, , ,5,0,0,0,8,0
99,2022,REGION METROPOLITANA,LO BARNECHEA,LA DEHESA, ,1445,1,13,1,URBANA,- LA DEHESA, , ,7,0,0,0,11,0
100,2022,REGION METROPOLITANA,LO ESPEJO,AMERICO VESPUCIO,GRAL VELASQUEZ,0,1,13,1,URBANA,AMERICO VESPUCIO - GRAL VELASQUEZ, , ,6,0,0,1,10,0
101,2022,REGION METROPOLITANA,LO PRADO,GRAL OSCAR BONILLA,NEPTUNO,0,1,13,1,URBANA,GRAL OSCAR BONILLA - NEPTUNO, , ,5,1,0,4,3,0
102,2022,REGION METROPOLITANA,LO PRADO,NEPTUNO,GRAL OSCAR BONILLA,0,1,13,1,URBANA,GRAL OSCAR BONILLA - NEPTUNO, , ,6,2,0,0,6,1
103,2022,REGION METROPOLITANA,LO PRADO,SAN PABLO,NEPTUNO,0,1,13,1,URBANA,NEPTUNO - SAN PABLO, , ,11,0,1,3,14,0
104,2022,REGION METROPOLITANA,LO PRADO,SAN PABLO,STA MARTA,0,1,13,1,URBANA,SAN PABLO - STA MARTA, , ,6,0,1,2,9,0
105,2022,REGION METROPOLITANA,MACUL,DEPARTAMENTAL,AMERICO VESPUCIO,0,1,13,1,URBANA,AMERICO VESPUCIO - DEPARTAMENTAL, , ,5,0,0,3,4,1
106,2022,REGION METROPOLITANA,MACUL,RODRIGO DE ARAYA,MARATHON,0,1,13,1,URBANA,MARATHON - RODRIGO DE ARAYA, , ,5,0,0,1,6,0
107,2022,REGION METROPOLITANA,MAIPU,3 PONIENTE,ALFREDO SILVA CARVALLO,0,1,13,1,URBANA,3 PONIENTE - ALFREDO SILVA CARVALLO, , ,6,0,0,1,9,0
108,2022,REGION METROPOLITANA,MAIPU,3 PONIENTE,CAMINO A RINCONADA,0,1,13,1,URBANA,3 PONIENTE - CAMINO A RINCONADA, , ,5,0,1,0,6,2
109,2022,REGION METROPOLITANA,MAIPU,5 DE ABRIL,LOS PAJARITOS,0,1,13,1,URBANA,5 DE ABRIL - LOS PAJARITOS, , ,9,0,2,7,14,0
110,2022,REGION METROPOLITANA,MAIPU,5 DE ABRIL,PRIMERA TRANSVERSAL,0,1,13,1,URBANA,5 DE ABRIL - PRIMERA TRANSVERSAL, , ,6,0,0,3,8,0
111,2022,REGION METROPOLITANA,MAIPU,ALBERTO LLONA,VICENTE REYES,0,1,13,1,URBANA,ALBERTO LLONA - VICENTE REYES, , ,5,0,0,0,9,0
112,2022,REGION METROPOLITANA,MAIPU,AMERICO VESPUCIO, ,399,1,13,1,URBANA,- AMERICO VESPUCIO, , ,14,0,0,4,29,0
113,2022,REGION METROPOLITANA,MAIPU,AMERICO VESPUCIO, ,1001,1,13,1,URBANA,- AMERICO VESPUCIO, , ,9,0,1,1,16,1
114,2022,REGION METROPOLITANA,MAIPU,AMERICO VESPUCIO,AUTOPISTA EL SOL,0,1,13,1,URBANA,AMERICO VESPUCIO - AUTOPISTA EL SOL, , ,6,0,0,1,10,1
115,2022,REGION METROPOLITANA,MAIPU,AMERICO VESPUCIO,EL DESCANSO,0,1,13,1,URBANA,AMERICO VESPUCIO - EL DESCANSO, , ,6,0,0,0,10,1
116,2022,REGION METROPOLITANA,MAIPU,AMERICO VESPUCIO,LOS PAJARITOS,0,1,13,1,URBANA,AMERICO VESPUCIO - LOS PAJARITOS, , ,20,1,1,9,30,2
117,2022,REGION METROPOLITANA,MAIPU,AMERICO VESPUCIO,SEGUNDA TRANSVERSAL,0,1,13,1,URBANA,AMERICO VESPUCIO - SEGUNDA TRANSVERSAL, , ,5,0,0,3,22,0
118,2022,REGION METROPOLITANA,MAIPU,AUTOPISTA EL SOL,AMERICO VESPUCIO,0,1,13,1,URBANA,AMERICO VESPUCIO - AUTOPISTA EL SOL, , ,12,0,0,1,21,0
119,2022,REGION METROPOLITANA,MAIPU,CAMINO A MELIPILLA, ,15300,1,13,1,URBANA,- CAMINO A MELIPILLA, , ,7,0,0,1,10,1
120,2022,REGION METROPOLITANA,MAIPU,CAMINO A MELIPILLA,3 PONIENTE,0,1,13,1,URBANA,3 PONIENTE - CAMINO A MELIPILLA, , ,10,0,0,2,18,1
121,2022,REGION METROPOLITANA,MAIPU,CAMINO A MELIPILLA,ESDRAS,0,1,13,1,URBANA,CAMINO A MELIPILLA - ESDRAS, , ,6,0,0,1,4,3
122,2022,REGION METROPOLITANA,MAIPU,CAMINO A MELIPILLA,LO ESPEJO,0,1,13,1,URBANA,CAMINO A MELIPILLA - LO ESPEJO, , ,5,0,0,2,8,1
123,2022,REGION METROPOLITANA,MAIPU,CAMINO A MELIPILLA,LOS PAJARITOS,0,1,13,1,URBANA,CAMINO A MELIPILLA - LOS PAJARITOS, , ,5,1,0,5,3,0
124,2022,REGION METROPOLITANA,MAIPU,CAMINO A MELIPILLA,STA MARTA,0,1,13,1,URBANA,CAMINO A MELIPILLA - STA MARTA, , ,8,0,0,1,12,0
125,2022,REGION METROPOLITANA,MAIPU,CAMINO A RINCONADA, ,1201,1,13,1,URBANA,- CAMINO A RINCONADA, , ,5,0,1,2,6,0
126,2022,REGION METROPOLITANA,MAIPU,EL DESCANSO,AMERICO VESPUCIO,0,1,13,1,URBANA,AMERICO VESPUCIO - EL DESCANSO, , ,5,0,0,0,10,0
127,2022,REGION METROPOLITANA,MAIPU,EL OLIMPO,CAMINO A RINCONADA,0,1,13,1,URBANA,CAMINO A RINCONADA - EL OLIMPO, , ,8,0,0,2,10,1
128,2022,REGION METROPOLITANA,MAIPU,LAS PARCELAS,LOS PAJARITOS,0,1,13,1,URBANA,LAS PARCELAS - LOS PAJARITOS, , ,11,0,0,3,18,0
129,2022,REGION METROPOLITANA,MAIPU,LOS PAJARITOS, ,3333,1,13,1,URBANA,- LOS PAJARITOS, , ,5,0,0,0,8,0
130,2022,REGION METROPOLITANA,MAIPU,LOS PAJARITOS,5 DE ABRIL,0,1,13,1,URBANA,5 DE ABRIL - LOS PAJARITOS, , ,12,0,1,3,17,2
131,2022,REGION METROPOLITANA,MAIPU,LOS PAJARITOS,AMERICO VESPUCIO,0,1,13,1,URBANA,AMERICO VESPUCIO - LOS PAJARITOS, , ,19,0,0,3,33,1
132,2022,REGION METROPOLITANA,MAIPU,LOS PAJARITOS,CAMINO LA FARFANA,0,1,13,1,URBANA,CAMINO LA FARFANA - LOS PAJARITOS, , ,6,0,0,3,10,0
133,2022,REGION METROPOLITANA,MAIPU,LOS PAJARITOS,CENTENARIO,0,1,13,1,URBANA,CENTENARIO - LOS PAJARITOS, , ,5,0,0,0,8,0
134,2022,REGION METROPOLITANA,MAIPU,LOS PAJARITOS,CENTRAL GONZALO PEREZ LLONA,0,1,13,1,URBANA,CENTRAL GONZALO PEREZ LLONA - LOS PAJARITOS, , ,5,0,0,2,7,0
135,2022,REGION METROPOLITANA,MAIPU,LOS PAJARITOS,CHACABUCO,0,1,13,1,URBANA,CHACABUCO - LOS PAJARITOS, , ,6,0,0,1,8,2
136,2022,REGION METROPOLITANA,MAIPU,LOS PAJARITOS,LAS PARCELAS,0,1,13,1,URBANA,LAS PARCELAS - LOS PAJARITOS, , ,7,0,0,5,10,0
137,2022,REGION METROPOLITANA,MAIPU,LOS PAJARITOS,MAIPU,0,1,13,1,URBANA,LOS PAJARITOS - MAIPU, , ,8,0,0,1,11,2
138,2022,REGION METROPOLITANA,MAIPU,LOS PAJARITOS,PROVIDENCIA,0,1,13,1,URBANA,LOS PAJARITOS - PROVIDENCIA, , ,5,0,0,1,8,2
139,2022,REGION METROPOLITANA,MAIPU,LOS PAJARITOS,RAFAEL RIESCO BERNALES,0,1,13,1,URBANA,LOS PAJARITOS - RAFAEL RIESCO BERNALES, , ,11,0,0,4,16,2
140,2022,REGION METROPOLITANA,MAIPU,LOS PAJARITOS,TTE CRUZ,0,1,13,1,URBANA,LOS PAJARITOS - TTE CRUZ, , ,7,0,0,6,10,0
141,2022,REGION METROPOLITANA,MELIPILLA,EGAÑA,VARGAS,0,1,13,1,URBANA,EGAÑA - VARGAS, , ,8,0,0,2,14,0
142,2022,REGION METROPOLITANA,MELIPILLA,VICUÑA MACKENNA,ALCALDE,0,1,13,1,URBANA,ALCALDE - VICUÑA MACKENNA, , ,6,0,0,0,11,0
143,2022,REGION METROPOLITANA,ÑUÑOA,GRECIA,AMERICO VESPUCIO,0,1,13,1,URBANA,AMERICO VESPUCIO - GRECIA, , ,6,0,1,4,7,1
144,2022,REGION METROPOLITANA,ÑUÑOA,GRECIA,EXEQUIEL FERNANDEZ,0,1,13,1,URBANA,EXEQUIEL FERNANDEZ - GRECIA, , ,5,0,0,1,7,0
145,2022,REGION METROPOLITANA,ÑUÑOA,GRECIA,JUAN MOYA MORALES,0,1,13,1,URBANA,GRECIA - JUAN MOYA MORALES, , ,5,0,0,0,8,2
146,2022,REGION METROPOLITANA,ÑUÑOA,GRECIA,MARATHON,0,1,13,1,URBANA,GRECIA - MARATHON, , ,6,0,0,3,7,1
147,2022,REGION METROPOLITANA,ÑUÑOA,GRECIA,SALVADOR,0,1,13,1,URBANA,GRECIA - SALVADOR, , ,5,0,0,1,6,0
148,2022,REGION METROPOLITANA,ÑUÑOA,IRARRAZAVAL,CONDELL,0,1,13,1,URBANA,CONDELL - IRARRAZAVAL, , ,6,0,2,0,9,1
149,2022,REGION METROPOLITANA,ÑUÑOA,IRARRAZAVAL,GRAL BUSTAMANTE,0,1,13,1,URBANA,GRAL BUSTAMANTE - IRARRAZAVAL, , ,5,0,0,6,1,1
150,2022,REGION METROPOLITANA,ÑUÑOA,IRARRAZAVAL,RICARDO LYON,0,1,13,1,URBANA,IRARRAZAVAL - RICARDO LYON, , ,5,0,0,1,8,0
151,2022,REGION METROPOLITANA,ÑUÑOA,JOSE PEDRO ALESSANDRI,JOSE DOMINGO CANAS,0,1,13,1,URBANA,JOSE DOMINGO CANAS - JOSE PEDRO ALESSANDRI, , ,5,0,0,1,6,3
152,2022,REGION METROPOLITANA,ÑUÑOA,PDTE BATTLE Y ORDONEZ,ORTUZAR,0,1,13,1,URBANA,ORTUZAR - PDTE BATTLE Y ORDONEZ, , ,6,0,0,1,10,0
153,2022,REGION METROPOLITANA,ÑUÑOA,PEDRO DE VALDIVIA,GRECIA,0,1,13,1,URBANA,GRECIA - PEDRO DE VALDIVIA, , ,8,0,0,3,9,1
154,2022,REGION METROPOLITANA,PAINE,ENLACE CHAMPA,RUTA 5 SUR,0,1,13,2,RURAL,ENLACE CHAMPA - RUTA 5 SUR, , ,6,0,1,3,7,0
155,2022,REGION METROPOLITANA,PEDRO AGUIRRE CERDA,ALC CARLOS VALDOVINOS,MAIPU,0,1,13,1,URBANA,ALC CARLOS VALDOVINOS - MAIPU, , ,5,0,1,1,7,0
156,2022,REGION METROPOLITANA,PEDRO AGUIRRE CERDA,CERRILLOS, ,4030,1,13,1,URBANA,- CERRILLOS, , ,6,0,0,1,8,2
157,2022,REGION METROPOLITANA,PEDRO AGUIRRE CERDA,DEPARTAMENTAL,CERRILLOS,0,1,13,1,URBANA,CERRILLOS - DEPARTAMENTAL, , ,5,0,1,0,9,0
158,2022,REGION METROPOLITANA,PEDRO AGUIRRE CERDA,ISABEL RIQUELME,BASCUNAN GUERRERO,0,1,13,1,URBANA,BASCUNAN GUERRERO - ISABEL RIQUELME, , ,6,0,0,2,7,1
159,2022,REGION METROPOLITANA,PEDRO AGUIRRE CERDA,ISABEL RIQUELME,CLUB HIPICO,0,1,13,1,URBANA,CLUB HIPICO - ISABEL RIQUELME, , ,6,0,0,0,10,0
160,2022,REGION METROPOLITANA,PEDRO AGUIRRE CERDA,JOSE JOAQUIN PRIETO VIAL,DEPARTAMENTAL,0,1,13,1,URBANA,DEPARTAMENTAL - JOSE JOAQUIN PRIETO VIAL, , ,6,2,0,2,12,1
161,2022,REGION METROPOLITANA,PEDRO AGUIRRE CERDA,MAIPU, ,3301,1,13,1,URBANA,- MAIPU, , ,6,0,0,0,9,2
162,2022,REGION METROPOLITANA,PEÑAFLOR,VICUÑA MACKENNA,LOS GUINDOS,0,1,13,1,URBANA,LOS GUINDOS - VICUÑA MACKENNA, , ,5,0,0,3,6,0
163,2022,REGION METROPOLITANA,PEÑALOLEN,AMERICO VESPUCIO,EL VALLE,0,1,13,1,URBANA,AMERICO VESPUCIO - EL VALLE, , ,7,0,0,3,10,1
164,2022,REGION METROPOLITANA,PEÑALOLEN,AMERICO VESPUCIO,GRECIA,0,1,13,1,URBANA,AMERICO VESPUCIO - GRECIA, , ,12,0,0,0,23,0
165,2022,REGION METROPOLITANA,PEÑALOLEN,AMERICO VESPUCIO,LOS GUINDOS,0,1,13,1,URBANA,AMERICO VESPUCIO - LOS GUINDOS, , ,6,0,0,1,11,0
166,2022,REGION METROPOLITANA,PEÑALOLEN,AMERICO VESPUCIO,LOS PRESIDENTES,0,1,13,1,URBANA,AMERICO VESPUCIO - LOS PRESIDENTES, , ,5,0,0,1,7,1
167,2022,REGION METROPOLITANA,PEÑALOLEN,AMERICO VESPUCIO,ORIENTAL,0,1,13,1,URBANA,AMERICO VESPUCIO - ORIENTAL, , ,5,0,0,1,9,0
168,2022,REGION METROPOLITANA,PEÑALOLEN,AMERICO VESPUCIO,QUILIN,0,1,13,1,URBANA,AMERICO VESPUCIO - QUILIN, , ,13,0,0,2,24,0
169,2022,REGION METROPOLITANA,PEÑALOLEN,CONSISTORIAL,GRECIA,0,1,13,1,URBANA,CONSISTORIAL - GRECIA, , ,5,0,0,1,9,1
170,2022,REGION METROPOLITANA,PEÑALOLEN,GRECIA,AMERICO VESPUCIO,0,1,13,1,URBANA,AMERICO VESPUCIO - GRECIA, , ,5,0,0,0,9,0
171,2022,REGION METROPOLITANA,PEÑALOLEN,GRECIA,CONSISTORIAL,0,1,13,1,URBANA,CONSISTORIAL - GRECIA, , ,5,0,0,2,6,1
172,2022,REGION METROPOLITANA,PEÑALOLEN,GRECIA,ICTINOS,0,1,13,1,URBANA,GRECIA - ICTINOS, , ,8,0,1,4,12,0
173,2022,REGION METROPOLITANA,PEÑALOLEN,GRECIA,TOBALABA,0,1,13,1,URBANA,GRECIA - TOBALABA, , ,6,0,1,2,9,0
174,2022,REGION METROPOLITANA,PEÑALOLEN,LA FLORIDA,DEPARTAMENTAL,0,1,13,1,URBANA,DEPARTAMENTAL - LA FLORIDA, , ,5,0,0,2,9,0
175,2022,REGION METROPOLITANA,PEÑALOLEN,ORIENTAL,ICTINOS,0,1,13,1,URBANA,ICTINOS - ORIENTAL, , ,5,0,0,0,10,0
176,2022,REGION METROPOLITANA,PEÑALOLEN,QUILIN,AMERICO VESPUCIO,0,1,13,1,URBANA,AMERICO VESPUCIO - QUILIN, , ,7,0,0,0,13,0
177,2022,REGION METROPOLITANA,PEÑALOLEN,QUILIN,TOBALABA,0,1,13,1,URBANA,QUILIN - TOBALABA, , ,5,0,0,1,9,0
178,2022,REGION METROPOLITANA,PEÑALOLEN,TOBALABA,LAS TORRES,0,1,13,1,URBANA,LAS TORRES - TOBALABA, , ,5,0,0,5,5,0
179,2022,REGION METROPOLITANA,PEÑALOLEN,TOBALABA,PADRE ALBERTO HURTADO,0,1,13,1,URBANA,PADRE ALBERTO HURTADO - TOBALABA, , ,5,0,0,2,5,1
180,2022,REGION METROPOLITANA,PEÑALOLEN,TOBALABA,QUILIN,0,1,13,1,URBANA,QUILIN - TOBALABA, , ,11,0,0,5,16,1
181,2022,REGION METROPOLITANA,PROVIDENCIA,ANDRES BELLO,HUELEN,0,1,13,1,URBANA,ANDRES BELLO - HUELEN, , ,8,0,0,2,12,2
182,2022,REGION METROPOLITANA,PROVIDENCIA,ANDRES BELLO,NVA LOS LEONES,0,1,13,1,URBANA,ANDRES BELLO - NVA LOS LEONES, , ,13,0,0,2,21,2
183,2022,REGION METROPOLITANA,PROVIDENCIA,ANDRES BELLO,SUECIA,0,1,13,1,URBANA,ANDRES BELLO - SUECIA, , ,5,0,0,2,7,0
184,2022,REGION METROPOLITANA,PROVIDENCIA,ANTONIO VARAS,FRANCISCO BILBAO,0,1,13,1,URBANA,ANTONIO VARAS - FRANCISCO BILBAO, , ,7,0,0,5,10,0
185,2022,REGION METROPOLITANA,PROVIDENCIA,ANTONIO VARAS,PROVIDENCIA,0,1,13,1,URBANA,ANTONIO VARAS - PROVIDENCIA, , ,7,0,0,0,13,1
186,2022,REGION METROPOLITANA,PROVIDENCIA,ANTONIO VARAS,VALENZUELA CASTILLO,0,1,13,1,URBANA,ANTONIO VARAS - VALENZUELA CASTILLO, , ,5,0,0,0,9,0
187,2022,REGION METROPOLITANA,PROVIDENCIA,COST NORTE,STA MARIA,0,1,13,1,URBANA,COST NORTE - STA MARIA, , ,10,0,0,1,21,0
188,2022,REGION METROPOLITANA,PROVIDENCIA,EL CERRO,LOS CONQUISTADORES,0,1,13,1,URBANA,EL CERRO - LOS CONQUISTADORES, , ,10,1,1,3,12,3
189,2022,REGION METROPOLITANA,PROVIDENCIA,ELIODORO YAÑEZ,PEDRO DE VALDIVIA,0,1,13,1,URBANA,ELIODORO YAÑEZ - PEDRO DE VALDIVIA, , ,5,0,0,1,8,1
190,2022,REGION METROPOLITANA,PROVIDENCIA,ELIODORO YAÑEZ,PROVIDENCIA,0,1,13,1,URBANA,ELIODORO YAÑEZ - PROVIDENCIA, , ,6,0,0,1,10,0
191,2022,REGION METROPOLITANA,PROVIDENCIA,ELIODORO YAÑEZ,ROMAN DIAZ,0,1,13,1,URBANA,ELIODORO YAÑEZ - ROMAN DIAZ, , ,5,0,0,1,8,0
192,2022,REGION METROPOLITANA,PROVIDENCIA,FRANCISCO BILBAO,HERNANDO DE AGUIRRE,0,1,13,1,URBANA,FRANCISCO BILBAO - HERNANDO DE AGUIRRE, , ,5,0,1,0,8,1
193,2022,REGION METROPOLITANA,PROVIDENCIA,FRANCISCO BILBAO,JOSE MIGUEL CLARO,0,1,13,1,URBANA,FRANCISCO BILBAO - JOSE MIGUEL CLARO, , ,5,0,0,2,8,0
194,2022,REGION METROPOLITANA,PROVIDENCIA,FRANCISCO BILBAO,TOBALABA,0,1,13,1,URBANA,FRANCISCO BILBAO - TOBALABA, , ,6,0,0,0,12,1
195,2022,REGION METROPOLITANA,PROVIDENCIA,HOLANDA,PROVIDENCIA,0,1,13,1,URBANA,HOLANDA - PROVIDENCIA, , ,7,0,0,1,12,0
196,2022,REGION METROPOLITANA,PROVIDENCIA,ITALIA,STA ISABEL,0,1,13,1,URBANA,ITALIA - STA ISABEL, , ,5,0,0,4,7,0
197,2022,REGION METROPOLITANA,PROVIDENCIA,JOSE MIGUEL CLARO,ELIODORO YAÑEZ,0,1,13,1,URBANA,ELIODORO YAÑEZ - JOSE MIGUEL CLARO, , ,5,0,0,2,8,0
198,2022,REGION METROPOLITANA,PROVIDENCIA,LA CONCEPCION,STA MARIA,0,1,13,1,URBANA,LA CONCEPCION - STA MARIA, , ,5,0,0,0,9,0
199,2022,REGION METROPOLITANA,PROVIDENCIA,LOS CONQUISTADORES,EL CERRO,0,1,13,1,URBANA,EL CERRO - LOS CONQUISTADORES, , ,5,0,0,0,9,1
200,2022,REGION METROPOLITANA,PROVIDENCIA,LOS LEONES,DIEGO DE ALMAGRO,0,1,13,1,URBANA,DIEGO DE ALMAGRO - LOS LEONES, , ,7,0,1,1,11,0
201,2022,REGION METROPOLITANA,PROVIDENCIA,LOS LEONES,FRANCISCO BILBAO,0,1,13,1,URBANA,FRANCISCO BILBAO - LOS LEONES, , ,5,0,0,0,10,0
202,2022,REGION METROPOLITANA,PROVIDENCIA,POCURO,RICARDO LYON,0,1,13,1,URBANA,POCURO - RICARDO LYON, , ,5,0,0,1,8,1
203,2022,REGION METROPOLITANA,PROVIDENCIA,PROVIDENCIA,CONDELL,0,1,13,1,URBANA,CONDELL - PROVIDENCIA, , ,5,0,0,0,10,2
204,2022,REGION METROPOLITANA,PROVIDENCIA,PROVIDENCIA,ELIODORO YAÑEZ,0,1,13,1,URBANA,ELIODORO YAÑEZ - PROVIDENCIA, , ,6,0,0,3,10,0
205,2022,REGION METROPOLITANA,PROVIDENCIA,PROVIDENCIA,HUELEN,0,1,13,1,URBANA,HUELEN - PROVIDENCIA, , ,6,0,0,0,12,0
206,2022,REGION METROPOLITANA,PROVIDENCIA,PROVIDENCIA,LUIS THAYER OJEDA,0,1,13,1,URBANA,LUIS THAYER OJEDA - PROVIDENCIA, , ,9,0,0,3,16,0
207,2022,REGION METROPOLITANA,PROVIDENCIA,PROVIDENCIA,MANUEL MONTT,0,1,13,1,URBANA,MANUEL MONTT - PROVIDENCIA, , ,5,0,0,1,8,0
208,2022,REGION METROPOLITANA,PROVIDENCIA,PROVIDENCIA,PEDRO DE VALDIVIA,0,1,13,1,URBANA,PEDRO DE VALDIVIA - PROVIDENCIA, , ,14,0,0,6,20,2
209,2022,REGION METROPOLITANA,PROVIDENCIA,PROVIDENCIA,RAMON CARNICER,0,1,13,1,URBANA,PROVIDENCIA - RAMON CARNICER, , ,5,0,0,1,7,0
210,2022,REGION METROPOLITANA,PROVIDENCIA,PROVIDENCIA,RICARDO LYON,0,1,13,1,URBANA,PROVIDENCIA - RICARDO LYON, , ,5,0,0,1,8,1
211,2022,REGION METROPOLITANA,PROVIDENCIA,PROVIDENCIA,SUECIA,0,1,13,1,URBANA,PROVIDENCIA - SUECIA, , ,16,0,0,3,29,0
212,2022,REGION METROPOLITANA,PROVIDENCIA,PROVIDENCIA,TOBALABA,0,1,13,1,URBANA,PROVIDENCIA - TOBALABA, , ,7,0,0,0,13,0
213,2022,REGION METROPOLITANA,PROVIDENCIA,RANCAGUA,ARZ LARRAIN GANDARILLAS,0,1,13,1,URBANA,ARZ LARRAIN GANDARILLAS - RANCAGUA, , ,6,0,0,0,11,1
214,2022,REGION METROPOLITANA,PROVIDENCIA,RANCAGUA,CONDELL,0,1,13,1,URBANA,CONDELL - RANCAGUA, , ,5,0,0,2,9,0
215,2022,REGION METROPOLITANA,PROVIDENCIA,RANCAGUA,SALVADOR,0,1,13,1,URBANA,RANCAGUA - SALVADOR, , ,7,0,0,3,13,0
216,2022,REGION METROPOLITANA,PROVIDENCIA,RANCAGUA,VICUÑA MACKENNA,0,1,13,1,URBANA,RANCAGUA - VICUÑA MACKENNA, , ,5,0,0,1,8,0
217,2022,REGION METROPOLITANA,PROVIDENCIA,RICARDO LYON,POCURO,0,1,13,1,URBANA,POCURO - RICARDO LYON, , ,5,0,0,3,6,1
218,2022,REGION METROPOLITANA,PROVIDENCIA,RICARDO LYON,PROVIDENCIA,0,1,13,1,URBANA,PROVIDENCIA - RICARDO LYON, , ,5,0,0,0,10,0
219,2022,REGION METROPOLITANA,PROVIDENCIA,SALVADOR, ,364,1,13,1,URBANA,- SALVADOR, , ,6,0,0,0,12,0
220,2022,REGION METROPOLITANA,PROVIDENCIA,SALVADOR,DR HERNAN ALESSANDRI,0,1,13,1,URBANA,DR HERNAN ALESSANDRI - SALVADOR, , ,6,0,0,0,12,1
221,2022,REGION METROPOLITANA,PROVIDENCIA,SALVADOR,FRANCISCO BILBAO,0,1,13,1,URBANA,FRANCISCO BILBAO - SALVADOR, , ,6,0,0,1,11,0
222,2022,REGION METROPOLITANA,PROVIDENCIA,STA MARIA,DEL ARZOBISPO,0,1,13,1,URBANA,DEL ARZOBISPO - STA MARIA, , ,7,0,0,1,12,0
223,2022,REGION METROPOLITANA,PROVIDENCIA,STA MARIA,LA CONCEPCION,0,1,13,1,URBANA,LA CONCEPCION - STA MARIA, , ,8,0,0,4,10,1
224,2022,REGION METROPOLITANA,PROVIDENCIA,TOBALABA,ELIODORO YAÑEZ,0,1,13,1,URBANA,ELIODORO YAÑEZ - TOBALABA, , ,6,0,0,3,9,0
225,2022,REGION METROPOLITANA,PROVIDENCIA,TOBALABA,LOTA,0,1,13,1,URBANA,LOTA - TOBALABA, , ,5,0,0,1,10,0
226,2022,REGION METROPOLITANA,PROVIDENCIA,TOBALABA,POCURO,0,1,13,1,URBANA,POCURO - TOBALABA, , ,5,0,0,1,8,0
227,2022,REGION METROPOLITANA,PROVIDENCIA,TOBALABA,PROVIDENCIA,0,1,13,1,URBANA,PROVIDENCIA - TOBALABA, , ,7,0,0,1,12,1
228,2022,REGION METROPOLITANA,PROVIDENCIA,VICUÑA MACKENNA,STA ISABEL,0,1,13,1,URBANA,STA ISABEL - VICUÑA MACKENNA, , ,5,0,0,4,5,1
229,2022,REGION METROPOLITANA,PROVIDENCIA,VITACURA,HOLANDA,0,1,13,1,URBANA,HOLANDA - VITACURA, , ,5,0,0,0,10,0
230,2022,REGION METROPOLITANA,PUDAHUEL,AMERICO VESPUCIO,COSTANERA NORTE,0,1,13,1,URBANA,AMERICO VESPUCIO - COSTANERA NORTE, , ,5,0,0,7,5,0
231,2022,REGION METROPOLITANA,PUDAHUEL,AMERICO VESPUCIO,RUTA 68,0,1,13,1,URBANA,AMERICO VESPUCIO - RUTA 68, , ,5,0,0,0,9,0
232,2022,REGION METROPOLITANA,PUDAHUEL,LAGUNA SUR,TTE CRUZ,0,1,13,1,URBANA,LAGUNA SUR - TTE CRUZ, , ,6,0,0,1,11,0
233,2022,REGION METROPOLITANA,PUDAHUEL,LAS TORRES,LOS PAJARITOS,0,1,13,1,URBANA,LAS TORRES - LOS PAJARITOS, , ,5,0,0,0,9,2
234,2022,REGION METROPOLITANA,PUDAHUEL,SAN PABLO,AMERICO VESPUCIO,0,1,13,1,URBANA,AMERICO VESPUCIO - SAN PABLO, , ,6,0,1,0,10,0
235,2022,REGION METROPOLITANA,PUDAHUEL,SAN PABLO,FEDERICO ERRAZURIZ,0,1,13,1,URBANA,FEDERICO ERRAZURIZ - SAN PABLO, , ,6,1,0,2,10,0
236,2022,REGION METROPOLITANA,PUDAHUEL,SAN PABLO,LA ESTRELLA,0,1,13,1,URBANA,LA ESTRELLA - SAN PABLO, , ,7,0,0,5,9,0
237,2022,REGION METROPOLITANA,PUDAHUEL,SAN PABLO,SERRANO,0,1,13,1,URBANA,SAN PABLO - SERRANO, , ,5,0,1,4,7,0
238,2022,REGION METROPOLITANA,PUDAHUEL,SAN PABLO,TTE CRUZ,0,1,13,1,URBANA,SAN PABLO - TTE CRUZ, , ,5,0,0,0,12,0
239,2022,REGION METROPOLITANA,PUDAHUEL,TTE CRUZ,CORONA SUECA,0,1,13,1,URBANA,CORONA SUECA - TTE CRUZ, , ,6,0,0,1,10,0
240,2022,REGION METROPOLITANA,PUENTE ALTO,BALMACEDA,JOSE LUIS COO,0,1,13,1,URBANA,BALMACEDA - JOSE LUIS COO, , ,5,0,0,1,8,0
241,2022,REGION METROPOLITANA,PUENTE ALTO,CAMILO HENRIQUEZ, ,3296,1,13,1,URBANA,- CAMILO HENRIQUEZ, , ,10,0,0,1,19,0
242,2022,REGION METROPOLITANA,PUENTE ALTO,CAMILO HENRIQUEZ, ,4673,1,13,1,URBANA,- CAMILO HENRIQUEZ, , ,5,0,0,0,9,0
243,2022,REGION METROPOLITANA,PUENTE ALTO,CAMILO HENRIQUEZ,EL PENON,0,1,13,1,URBANA,CAMILO HENRIQUEZ - EL PENON, , ,13,0,0,9,20,0
244,2022,REGION METROPOLITANA,PUENTE ALTO,CAMILO HENRIQUEZ,EL PERAL,0,1,13,1,URBANA,CAMILO HENRIQUEZ - EL PERAL, , ,13,0,0,13,18,5
245,2022,REGION METROPOLITANA,PUENTE ALTO,CAMILO HENRIQUEZ,GABRIELA ORIENTE,0,1,13,1,URBANA,CAMILO HENRIQUEZ - GABRIELA ORIENTE, , ,6,0,0,2,10,1
246,2022,REGION METROPOLITANA,PUENTE ALTO,CAMILO HENRIQUEZ,SAN CARLOS,0,1,13,1,URBANA,CAMILO HENRIQUEZ - SAN CARLOS, , ,7,0,0,0,18,0
247,2022,REGION METROPOLITANA,PUENTE ALTO,CAMILO HENRIQUEZ,SAN JOSE DE LA ESTRELLA,0,1,13,1,URBANA,CAMILO HENRIQUEZ - SAN JOSE DE LA ESTRELLA, , ,5,0,0,2,7,1
248,2022,REGION METROPOLITANA,PUENTE ALTO,CONCHA Y TORO, ,1149,1,13,1,URBANA,- CONCHA Y TORO, , ,23,0,1,8,41,0
249,2022,REGION METROPOLITANA,PUENTE ALTO,CONCHA Y TORO, ,1315,1,13,1,URBANA,- CONCHA Y TORO, , ,6,0,0,1,9,1
250,2022,REGION METROPOLITANA,PUENTE ALTO,CONCHA Y TORO, ,3399,1,13,1,URBANA,- CONCHA Y TORO, , ,7,0,0,1,12,0
251,2022,REGION METROPOLITANA,PUENTE ALTO,CONCHA Y TORO, ,3459,1,13,1,URBANA,- CONCHA Y TORO, , ,13,1,0,3,21,2
252,2022,REGION METROPOLITANA,PUENTE ALTO,CONCHA Y TORO, ,3854,1,13,1,URBANA,- CONCHA Y TORO, , ,7,0,1,1,11,0
253,2022,REGION METROPOLITANA,PUENTE ALTO,CONCHA Y TORO,DEL CARIBE,0,1,13,1,URBANA,CONCHA Y TORO - DEL CARIBE, , ,6,0,0,2,10,0
254,2022,REGION METROPOLITANA,PUENTE ALTO,CONCHA Y TORO,DOMINGO TOCORNAL,0,1,13,1,URBANA,CONCHA Y TORO - DOMINGO TOCORNAL, , ,12,0,1,2,19,2
255,2022,REGION METROPOLITANA,PUENTE ALTO,CONCHA Y TORO,EL PENON,0,1,13,1,URBANA,CONCHA Y TORO - EL PENON, , ,5,1,0,4,7,1
256,2022,REGION METROPOLITANA,PUENTE ALTO,CONCHA Y TORO,ELISA CORREA SANFUENTE,0,1,13,1,URBANA,CONCHA Y TORO - ELISA CORREA SANFUENTE, , ,9,1,1,4,13,1
257,2022,REGION METROPOLITANA,PUENTE ALTO,CONCHA Y TORO,ERNESTO ALVEAR,0,1,13,1,URBANA,CONCHA Y TORO - ERNESTO ALVEAR, , ,5,0,0,0,9,0
258,2022,REGION METROPOLITANA,PUENTE ALTO,CONCHA Y TORO,GABRIELA PONIENTE,0,1,13,1,URBANA,CONCHA Y TORO - GABRIELA PONIENTE, , ,13,0,2,7,21,0
259,2022,REGION METROPOLITANA,PUENTE ALTO,CONCHA Y TORO,INDEPENDENCIA,0,1,13,1,URBANA,CONCHA Y TORO - INDEPENDENCIA, , ,9,0,0,2,15,0
260,2022,REGION METROPOLITANA,PUENTE ALTO,CONCHA Y TORO,LAS NIEVES ORIENTE,0,1,13,1,URBANA,CONCHA Y TORO - LAS NIEVES ORIENTE, , ,7,0,1,4,10,0
261,2022,REGION METROPOLITANA,PUENTE ALTO,CONCHA Y TORO,LOS TOROS,0,1,13,1,URBANA,CONCHA Y TORO - LOS TOROS, , ,7,0,0,0,15,0
262,2022,REGION METROPOLITANA,PUENTE ALTO,CONCHA Y TORO,LUIS MATTE LARRAIN,0,1,13,1,URBANA,CONCHA Y TORO - LUIS MATTE LARRAIN, , ,10,0,0,5,17,2
263,2022,REGION METROPOLITANA,PUENTE ALTO,CONCHA Y TORO,SAN CARLOS,0,1,13,1,URBANA,CONCHA Y TORO - SAN CARLOS, , ,18,0,0,5,36,0
264,2022,REGION METROPOLITANA,PUENTE ALTO,CONCHA Y TORO,SAN HUGO,0,1,13,1,URBANA,CONCHA Y TORO - SAN HUGO, , ,7,0,0,0,12,0
265,2022,REGION METROPOLITANA,PUENTE ALTO,COQUIMBO,LUIS MATTE LARRAIN,0,1,13,1,URBANA,COQUIMBO - LUIS MATTE LARRAIN, , ,6,0,0,2,12,0
266,2022,REGION METROPOLITANA,PUENTE ALTO,DOMINGO TOCORNAL,ACCESO SUR,0,1,13,1,URBANA,ACCESO SUR - DOMINGO TOCORNAL, , ,8,0,0,3,14,0
267,2022,REGION METROPOLITANA,PUENTE ALTO,DOMINGO TOCORNAL,CONCHA Y TORO,0,1,13,1,URBANA,CONCHA Y TORO - DOMINGO TOCORNAL, , ,6,0,0,0,11,0
268,2022,REGION METROPOLITANA,PUENTE ALTO,DOMINGO TOCORNAL,EJERCITO LIBERTADOR,0,1,13,1,URBANA,DOMINGO TOCORNAL - EJERCITO LIBERTADOR, , ,9,0,0,2,19,0
269,2022,REGION METROPOLITANA,PUENTE ALTO,DOMINGO TOCORNAL,JUAN DE DIOS MALEBRAN,0,1,13,1,URBANA,DOMINGO TOCORNAL - JUAN DE DIOS MALEBRAN, , ,7,0,1,5,10,0
270,2022,REGION METROPOLITANA,PUENTE ALTO,DOMINGO TOCORNAL,LA SERENA,0,1,13,1,URBANA,DOMINGO TOCORNAL - LA SERENA, , ,6,0,0,0,11,0
271,2022,REGION METROPOLITANA,PUENTE ALTO,DOMINGO TOCORNAL,NEMESIO VICUÑA,0,1,13,1,URBANA,DOMINGO TOCORNAL - NEMESIO VICUÑA, , ,12,0,2,8,18,4
272,2022,REGION METROPOLITANA,PUENTE ALTO,DOMINGO TOCORNAL,NONATO COO,0,1,13,1,URBANA,DOMINGO TOCORNAL - NONATO COO, , ,6,0,0,1,11,0
273,2022,REGION METROPOLITANA,PUENTE ALTO,EJERCITO LIBERTADOR,JORGE ROSS OSSA,0,1,13,1,URBANA,EJERCITO LIBERTADOR - JORGE ROSS OSSA, , ,7,0,0,2,12,0
274,2022,REGION METROPOLITANA,PUENTE ALTO,EJERCITO LIBERTADOR,LOS MANIOS,0,1,13,1,URBANA,EJERCITO LIBERTADOR - LOS MANIOS, , ,5,0,0,4,9,0
275,2022,REGION METROPOLITANA,PUENTE ALTO,EJERCITO LIBERTADOR,SAN CARLOS,0,1,13,1,URBANA,EJERCITO LIBERTADOR - SAN CARLOS, , ,7,0,0,3,13,0
276,2022,REGION METROPOLITANA,PUENTE ALTO,EJERCITO LIBERTADOR,SGTO MENADIER,0,1,13,1,URBANA,EJERCITO LIBERTADOR - SGTO MENADIER, , ,5,1,1,0,8,0
277,2022,REGION METROPOLITANA,PUENTE ALTO,EL PENON,MEXICO,0,1,13,1,URBANA,EL PENON - MEXICO, , ,5,0,0,5,6,0
278,2022,REGION METROPOLITANA,PUENTE ALTO,EL PENON,NONATO COO,0,1,13,1,URBANA,EL PENON - NONATO COO, , ,5,0,0,1,8,2
279,2022,REGION METROPOLITANA,PUENTE ALTO,EL PERAL,CAMILO HENRIQUEZ,0,1,13,1,URBANA,CAMILO HENRIQUEZ - EL PERAL, , ,6,0,0,0,12,1
280,2022,REGION METROPOLITANA,PUENTE ALTO,EYZAGUIRRE,ACCESO SUR,0,1,13,1,URBANA,ACCESO SUR - EYZAGUIRRE, , ,9,0,0,2,13,0
281,2022,REGION METROPOLITANA,PUENTE ALTO,EYZAGUIRRE,EJERCITO LIBERTADOR,0,1,13,1,URBANA,EJERCITO LIBERTADOR - EYZAGUIRRE, , ,8,0,0,1,12,0
282,2022,REGION METROPOLITANA,PUENTE ALTO,EYZAGUIRRE,NOCEDAL,0,1,13,1,URBANA,EYZAGUIRRE - NOCEDAL, , ,5,0,0,1,10,0
283,2022,REGION METROPOLITANA,PUENTE ALTO,EYZAGUIRRE,SAN GUILLERMO,0,1,13,1,URBANA,EYZAGUIRRE - SAN GUILLERMO, , ,6,0,0,0,8,0
284,2022,REGION METROPOLITANA,PUENTE ALTO,GABRIELA PONIENTE,CONCHA Y TORO,0,1,13,1,URBANA,CONCHA Y TORO - GABRIELA PONIENTE, , ,5,0,1,1,7,0
285,2022,REGION METROPOLITANA,PUENTE ALTO,GABRIELA PONIENTE,CRETA,0,1,13,1,URBANA,CRETA - GABRIELA PONIENTE, , ,12,0,0,3,21,2
286,2022,REGION METROPOLITANA,PUENTE ALTO,GABRIELA PONIENTE,EJERCITO LIBERTADOR,0,1,13,1,URBANA,EJERCITO LIBERTADOR - GABRIELA PONIENTE, , ,5,0,0,2,9,0
287,2022,REGION METROPOLITANA,PUENTE ALTO,GABRIELA PONIENTE,JUAN DE DIOS MALEBRAN,0,1,13,1,URBANA,GABRIELA PONIENTE - JUAN DE DIOS MALEBRAN, , ,7,0,1,1,11,1
288,2022,REGION METROPOLITANA,PUENTE ALTO,JORGE ROSS OSSA,JUAN DE DIOS MALEBRAN,0,1,13,1,URBANA,JORGE ROSS OSSA - JUAN DE DIOS MALEBRAN, , ,5,0,0,2,7,1
289,2022,REGION METROPOLITANA,PUENTE ALTO,JOSE LUIS COO,STA ELENA,0,1,13,1,URBANA,JOSE LUIS COO - STA ELENA, , ,6,0,0,1,11,0
290,2022,REGION METROPOLITANA,PUENTE ALTO,MEXICO,EL PENON,0,1,13,1,URBANA,EL PENON - MEXICO, , ,6,0,0,4,9,0
291,2022,REGION METROPOLITANA,PUENTE ALTO,MEXICO,LAS NIEVES ORIENTE,0,1,13,1,URBANA,LAS NIEVES ORIENTE - MEXICO, , ,5,0,0,1,9,0
292,2022,REGION METROPOLITANA,PUENTE ALTO,NONATO COO,SAN CARLOS,0,1,13,1,URBANA,NONATO COO - SAN CARLOS, , ,5,1,0,0,9,0
293,2022,REGION METROPOLITANA,PUENTE ALTO,SAN CARLOS,CONCHA Y TORO,0,1,13,1,URBANA,CONCHA Y TORO - SAN CARLOS, , ,8,0,0,1,14,0
294,2022,REGION METROPOLITANA,PUENTE ALTO,SAN CARLOS,COQUIMBO,0,1,13,1,URBANA,COQUIMBO - SAN CARLOS, , ,8,0,1,4,15,0
295,2022,REGION METROPOLITANA,PUENTE ALTO,SAN CARLOS,MEXICO,0,1,13,1,URBANA,MEXICO - SAN CARLOS, , ,6,0,2,0,11,0
296,2022,REGION METROPOLITANA,PUENTE ALTO,SAN CARLOS,NEMESIO VICUÑA,0,1,13,1,URBANA,NEMESIO VICUÑA - SAN CARLOS, , ,5,0,1,2,10,1
297,2022,REGION METROPOLITANA,PUENTE ALTO,SAN CARLOS,NONATO COO,0,1,13,1,URBANA,NONATO COO - SAN CARLOS, , ,7,0,0,0,13,0
298,2022,REGION METROPOLITANA,QUILICURA,AMERICO VESPUCIO,GRAL SAN MARTIN,0,1,13,1,URBANA,AMERICO VESPUCIO - GRAL SAN MARTIN, , ,12,0,0,2,24,2
299,2022,REGION METROPOLITANA,QUILICURA,AMERICO VESPUCIO,PDTE EDUARDO FREI MONTALVA,0,1,13,1,URBANA,AMERICO VESPUCIO - PDTE EDUARDO FREI MONTALVA, , ,8,1,1,1,7,1
300,2022,REGION METROPOLITANA,QUILICURA,GRAL SAN MARTIN,AMERICO VESPUCIO,0,1,13,1,URBANA,AMERICO VESPUCIO - GRAL SAN MARTIN, , ,13,0,0,4,20,0
301,2022,REGION METROPOLITANA,QUINTA NORMAL,GRAL VELASQUEZ,CARRASCAL,0,1,13,1,URBANA,CARRASCAL - GRAL VELASQUEZ, , ,5,0,0,1,7,0
302,2022,REGION METROPOLITANA,QUINTA NORMAL,NEPTUNO,MAPOCHO,0,1,13,1,URBANA,MAPOCHO - NEPTUNO, , ,6,0,2,3,10,0
303,2022,REGION METROPOLITANA,QUINTA NORMAL,SAN PABLO,MATUCANA,0,1,13,1,URBANA,MATUCANA - SAN PABLO, , ,6,1,0,1,8,1
304,2022,REGION METROPOLITANA,QUINTA NORMAL,SAN PABLO,RADAL,0,1,13,1,URBANA,RADAL - SAN PABLO, , ,5,0,0,2,8,0
305,2022,REGION METROPOLITANA,RECOLETA,AMERICO VESPUCIO,RECOLETA,0,1,13,1,URBANA,AMERICO VESPUCIO - RECOLETA, , ,11,0,0,4,21,0
306,2022,REGION METROPOLITANA,RECOLETA,LA PAZ,STA MARIA,0,1,13,1,URBANA,LA PAZ - STA MARIA, , ,6,0,0,0,10,0
307,2022,REGION METROPOLITANA,RECOLETA,LOS ZAPADORES,RECOLETA,0,1,13,1,URBANA,LOS ZAPADORES - RECOLETA, , ,7,0,0,0,11,1
308,2022,REGION METROPOLITANA,RECOLETA,PERU,SANTOS DUMONT,0,1,13,1,URBANA,PERU - SANTOS DUMONT, , ,5,0,0,1,8,2
309,2022,REGION METROPOLITANA,RECOLETA,RECOLETA, ,464,1,13,1,URBANA,- RECOLETA, , ,5,0,1,3,6,2
310,2022,REGION METROPOLITANA,RECOLETA,RECOLETA,MEXICO,0,1,13,1,URBANA,MEXICO - RECOLETA, , ,5,0,0,0,9,0
311,2022,REGION METROPOLITANA,RECOLETA,RECOLETA,SANTOS DUMONT,0,1,13,1,URBANA,RECOLETA - SANTOS DUMONT, , ,7,0,0,2,10,0
312,2022,REGION METROPOLITANA,RECOLETA,STA MARIA,LA PAZ,0,1,13,1,URBANA,LA PAZ - STA MARIA, , ,5,0,0,1,8,1
313,2022,REGION METROPOLITANA,RECOLETA,STA MARIA,PURISIMA,0,1,13,1,URBANA,PURISIMA - STA MARIA, , ,6,0,0,5,7,0
314,2022,REGION METROPOLITANA,RECOLETA,STA MARIA,RECOLETA,0,1,13,1,URBANA,RECOLETA - STA MARIA, , ,6,0,0,0,13,1
315,2022,REGION METROPOLITANA,RENCA,DOMINGO SANTA MARIA,DORSAL,0,1,13,1,URBANA,DOMINGO SANTA MARIA - DORSAL, , ,5,0,1,1,6,0
316,2022,REGION METROPOLITANA,RENCA,DOMINGO SANTA MARIA,SENADOR JAIME GUZMAN,0,1,13,1,URBANA,DOMINGO SANTA MARIA - SENADOR JAIME GUZMAN, , ,6,0,0,1,11,0
317,2022,REGION METROPOLITANA,RENCA,SENADOR JAIME GUZMAN,DOMINGO SANTA MARIA,0,1,13,1,URBANA,DOMINGO SANTA MARIA - SENADOR JAIME GUZMAN, , ,5,0,0,2,7,0
318,2022,REGION METROPOLITANA,SAN BERNARDO,1 DE MAYO,BARROS ARANA,0,1,13,1,URBANA,1 DE MAYO - BARROS ARANA, , ,5,0,0,3,8,0
319,2022,REGION METROPOLITANA,SAN BERNARDO,BALMACEDA,PADRE HURTADO,0,1,13,1,URBANA,BALMACEDA - PADRE HURTADO, , ,7,0,0,1,13,0
320,2022,REGION METROPOLITANA,SAN BERNARDO,BARROS ARANA,SAN JOSE,0,1,13,1,URBANA,BARROS ARANA - SAN JOSE, , ,7,0,0,0,13,0
321,2022,REGION METROPOLITANA,SAN BERNARDO,CAMINO EL MARISCAL,PADRE HURTADO,0,1,13,1,URBANA,CAMINO EL MARISCAL - PADRE HURTADO, , ,5,0,0,1,9,0
322,2022,REGION METROPOLITANA,SAN BERNARDO,CAMINO EL MARISCAL,SAN FRANCISCO,0,1,13,1,URBANA,CAMINO EL MARISCAL - SAN FRANCISCO, , ,5,0,0,0,9,0
323,2022,REGION METROPOLITANA,SAN BERNARDO,CAMINO LA VARA,PDTE JORGE ALESSANDRI RODRIGUEZ,0,1,13,1,URBANA,CAMINO LA VARA - PDTE JORGE ALESSANDRI RODRIGUEZ, , ,5,0,0,0,9,0
324,2022,REGION METROPOLITANA,SAN BERNARDO,FREIRE,BALMACEDA,0,1,13,1,URBANA,BALMACEDA - FREIRE, , ,5,0,0,0,9,0
325,2022,REGION METROPOLITANA,SAN BERNARDO,FREIRE,COVADONGA,0,1,13,1,URBANA,COVADONGA - FREIRE, , ,5,0,0,3,7,0
326,2022,REGION METROPOLITANA,SAN BERNARDO,FREIRE,SAN ALFONSO,0,1,13,1,URBANA,FREIRE - SAN ALFONSO, , ,5,0,0,0,10,0
327,2022,REGION METROPOLITANA,SAN BERNARDO,GRAN AVDA JOSE MIGUEL CARRERA,CALDERON DE LA BARCA,0,1,13,1,URBANA,CALDERON DE LA BARCA - GRAN AVDA JOSE MIGUEL CARRERA, , ,6,0,0,2,9,0
328,2022,REGION METROPOLITANA,SAN BERNARDO,GRAN AVDA JOSE MIGUEL CARRERA,STA MARTA,0,1,13,1,URBANA,GRAN AVDA JOSE MIGUEL CARRERA - STA MARTA, , ,11,0,1,2,20,2
329,2022,REGION METROPOLITANA,SAN BERNARDO,LO BLANCO,SAN FRANCISCO,0,1,13,1,URBANA,LO BLANCO - SAN FRANCISCO, , ,6,0,0,0,11,1
330,2022,REGION METROPOLITANA,SAN BERNARDO,OHIGGINS,VICTORIA,0,1,13,1,URBANA,OHIGGINS - VICTORIA, , ,6,0,1,8,11,2
331,2022,REGION METROPOLITANA,SAN BERNARDO,PADRE HURTADO, ,13560,1,13,1,URBANA,- PADRE HURTADO, , ,5,0,0,0,9,3
332,2022,REGION METROPOLITANA,SAN BERNARDO,PADRE HURTADO,BALMACEDA,0,1,13,1,URBANA,BALMACEDA - PADRE HURTADO, , ,10,1,0,0,18,1
333,2022,REGION METROPOLITANA,SAN BERNARDO,PADRE HURTADO,LO BLANCO,0,1,13,1,URBANA,LO BLANCO - PADRE HURTADO, , ,8,0,1,4,14,0
334,2022,REGION METROPOLITANA,SAN BERNARDO,PADRE HURTADO,SAN JOSE,0,1,13,1,URBANA,PADRE HURTADO - SAN JOSE, , ,6,0,0,1,12,0
335,2022,REGION METROPOLITANA,SAN BERNARDO,PADRE HURTADO,STA MARTA,0,1,13,1,URBANA,PADRE HURTADO - STA MARTA, , ,7,0,0,0,13,0
336,2022,REGION METROPOLITANA,SAN BERNARDO,PADRE HURTADO,STA TERESA,0,1,13,1,URBANA,PADRE HURTADO - STA TERESA, , ,6,0,0,0,12,0
337,2022,REGION METROPOLITANA,SAN BERNARDO,PDTE JORGE ALESSANDRI RODRIGUEZ, ,20040,1,13,1,URBANA,- PDTE JORGE ALESSANDRI RODRIGUEZ, , ,10,0,0,0,20,0
338,2022,REGION METROPOLITANA,SAN BERNARDO,PDTE JORGE ALESSANDRI RODRIGUEZ,CAMINO CATEMITO,0,1,13,1,URBANA,CAMINO CATEMITO - PDTE JORGE ALESSANDRI RODRIGUEZ, , ,7,0,1,3,9,0
339,2022,REGION METROPOLITANA,SAN BERNARDO,PDTE JORGE ALESSANDRI RODRIGUEZ,CAMINO LA VARA,0,1,13,1,URBANA,CAMINO LA VARA - PDTE JORGE ALESSANDRI RODRIGUEZ, , ,6,0,0,1,12,0
340,2022,REGION METROPOLITANA,SAN BERNARDO,PDTE JORGE ALESSANDRI RODRIGUEZ,LO BLANCO,0,1,13,1,URBANA,LO BLANCO - PDTE JORGE ALESSANDRI RODRIGUEZ, , ,7,0,0,2,12,0
341,2022,REGION METROPOLITANA,SAN BERNARDO,PORTALES,REGINA GALVEZ,0,1,13,1,URBANA,PORTALES - REGINA GALVEZ, , ,5,0,0,4,7,1
342,2022,REGION METROPOLITANA,SAN BERNARDO,SAN JOSE,BARROS ARANA,0,1,13,1,URBANA,BARROS ARANA - SAN JOSE, , ,9,0,0,0,17,0
343,2022,REGION METROPOLITANA,SAN BERNARDO,SAN JOSE,BULNES,0,1,13,1,URBANA,BULNES - SAN JOSE, , ,5,0,0,4,9,0
344,2022,REGION METROPOLITANA,SAN BERNARDO,SAN MARTIN,CONDELL,0,1,13,1,URBANA,CONDELL - SAN MARTIN, , ,6,0,0,4,7,1
345,2022,REGION METROPOLITANA,SAN BERNARDO,STA MARTA,PADRE HURTADO,0,1,13,1,URBANA,PADRE HURTADO - STA MARTA, , ,6,0,0,0,13,0
346,2022,REGION METROPOLITANA,SAN BERNARDO,URMENETA,12 DE FEBRERO,0,1,13,1,URBANA,12 DE FEBRERO - URMENETA, , ,5,0,0,0,9,1
347,2022,REGION METROPOLITANA,SAN BERNARDO,URMENETA,COVADONGA,0,1,13,1,URBANA,COVADONGA - URMENETA, , ,7,0,0,1,13,1
348,2022,REGION METROPOLITANA,SAN JOAQUIN,ALC CARLOS VALDOVINOS,LAS INDUSTRIAS,0,1,13,1,URBANA,ALC CARLOS VALDOVINOS - LAS INDUSTRIAS, , ,8,0,0,5,10,2
349,2022,REGION METROPOLITANA,SAN JOAQUIN,BENOZZO GOZZOLI,DEPARTAMENTAL,0,1,13,1,URBANA,BENOZZO GOZZOLI - DEPARTAMENTAL, , ,5,0,0,0,8,0
350,2022,REGION METROPOLITANA,SAN JOAQUIN,DEPARTAMENTAL,HAYDN,0,1,13,1,URBANA,DEPARTAMENTAL - HAYDN, , ,9,1,2,2,10,1
351,2022,REGION METROPOLITANA,SAN JOAQUIN,DEPARTAMENTAL,LAS INDUSTRIAS,0,1,13,1,URBANA,DEPARTAMENTAL - LAS INDUSTRIAS, , ,11,0,0,3,18,0
352,2022,REGION METROPOLITANA,SAN JOAQUIN,DEPARTAMENTAL,VICUÑA MACKENNA,0,1,13,1,URBANA,DEPARTAMENTAL - VICUÑA MACKENNA, , ,6,0,1,1,7,1
353,2022,REGION METROPOLITANA,SAN JOAQUIN,LAS INDUSTRIAS,COMERCIO,0,1,13,1,URBANA,COMERCIO - LAS INDUSTRIAS, , ,6,0,0,4,4,0
354,2022,REGION METROPOLITANA,SAN JOAQUIN,PDTE SALVADOR ALLENDE,LAS INDUSTRIAS,0,1,13,1,URBANA,LAS INDUSTRIAS - PDTE SALVADOR ALLENDE, , ,5,0,0,8,4,0
355,2022,REGION METROPOLITANA,SAN JOAQUIN,PDTE SALVADOR ALLENDE,SAN GREGORIO,0,1,13,1,URBANA,PDTE SALVADOR ALLENDE - SAN GREGORIO, , ,5,0,0,2,8,0
356,2022,REGION METROPOLITANA,SAN JOAQUIN,STA ROSA,DEPARTAMENTAL,0,1,13,1,URBANA,DEPARTAMENTAL - STA ROSA, , ,6,1,0,0,8,0
357,2022,REGION METROPOLITANA,SAN JOAQUIN,VICUÑA MACKENNA,DEPARTAMENTAL,0,1,13,1,URBANA,DEPARTAMENTAL - VICUÑA MACKENNA, , ,10,0,0,3,8,8
358,2022,REGION METROPOLITANA,SAN JOAQUIN,VICUÑA MACKENNA,EL PINAR,0,1,13,1,URBANA,EL PINAR - VICUÑA MACKENNA, , ,8,0,0,1,12,0
359,2022,REGION METROPOLITANA,SAN JOAQUIN,VICUÑA MACKENNA,JUAN SEBASTIAN BACH,0,1,13,1,URBANA,JUAN SEBASTIAN BACH - VICUÑA MACKENNA, , ,6,0,0,1,9,0
360,2022,REGION METROPOLITANA,SAN MIGUEL,GRAN AVDA JOSE MIGUEL CARRERA, ,3204,1,13,1,URBANA,- GRAN AVDA JOSE MIGUEL CARRERA, , ,10,0,0,1,14,2
361,2022,REGION METROPOLITANA,SAN MIGUEL,GRAN AVDA JOSE MIGUEL CARRERA,CARLOS EDWARDS,0,1,13,1,URBANA,CARLOS EDWARDS - GRAN AVDA JOSE MIGUEL CARRERA, , ,7,0,0,0,14,0
362,2022,REGION METROPOLITANA,SAN MIGUEL,GRAN AVDA JOSE MIGUEL CARRERA,LAZO,0,1,13,1,URBANA,GRAN AVDA JOSE MIGUEL CARRERA - LAZO, , ,7,0,1,1,11,0
363,2022,REGION METROPOLITANA,SAN MIGUEL,ISABEL RIQUELME,SAN IGNACIO DE LOYOLA,0,1,13,1,URBANA,ISABEL RIQUELME - SAN IGNACIO DE LOYOLA, , ,6,0,0,0,11,0
364,2022,REGION METROPOLITANA,SAN MIGUEL,JOSE JOAQUIN PRIETO VIAL,DEPARTAMENTAL,0,1,13,1,URBANA,DEPARTAMENTAL - JOSE JOAQUIN PRIETO VIAL, , ,7,0,0,0,14,0
365,2022,REGION METROPOLITANA,SAN MIGUEL,PDTE JORGE ALESSANDRI RODRIGUEZ,ALC CARLOS VALDOVINOS,0,1,13,1,URBANA,ALC CARLOS VALDOVINOS - PDTE JORGE ALESSANDRI RODRIGUEZ, , ,5,0,0,0,13,0
366,2022,REGION METROPOLITANA,SAN RAMON,AMERICO VESPUCIO,PEDRO AGUIRRE CERDA,0,1,13,1,URBANA,AMERICO VESPUCIO - PEDRO AGUIRRE CERDA, , ,5,0,0,4,8,0
367,2022,REGION METROPOLITANA,SAN RAMON,AMERICO VESPUCIO,STA ROSA,0,1,13,1,URBANA,AMERICO VESPUCIO - STA ROSA, , ,6,0,0,1,10,1
368,2022,REGION METROPOLITANA,SAN RAMON,STA ROSA,AMERICO VESPUCIO,0,1,13,1,URBANA,AMERICO VESPUCIO - STA ROSA, , ,8,0,0,1,17,0
369,2022,REGION METROPOLITANA,SAN RAMON,STA ROSA,ESPERANZA,0,1,13,1,URBANA,ESPERANZA - STA ROSA, , ,7,1,1,0,12,0
370,2022,REGION METROPOLITANA,SAN RAMON,STA ROSA,LOS FRANCISCANOS,0,1,13,1,URBANA,LOS FRANCISCANOS - STA ROSA, , ,6,0,0,1,10,1
371,2022,REGION METROPOLITANA,SANTIAGO,10 DE JULIO HUAMACHUCO,MANUEL RODRIGUEZ,0,1,13,1,URBANA,10 DE JULIO HUAMACHUCO - MANUEL RODRIGUEZ, , ,5,0,0,0,7,0
372,2022,REGION METROPOLITANA,SANTIAGO,BASCUNAN GUERRERO,BLANCO ENCALADA,0,1,13,1,URBANA,BASCUNAN GUERRERO - BLANCO ENCALADA, , ,7,0,0,1,12,1
373,2022,REGION METROPOLITANA,SANTIAGO,BASCUNAN GUERRERO,LIBER BERNARDO O`HIGGINS,0,1,13,1,URBANA,BASCUNAN GUERRERO - LIBER BERNARDO O`HIGGINS, , ,5,0,0,0,9,0
374,2022,REGION METROPOLITANA,SANTIAGO,BLANCO ENCALADA,ABATE MOLINA,0,1,13,1,URBANA,ABATE MOLINA - BLANCO ENCALADA, , ,5,1,0,0,4,0
375,2022,REGION METROPOLITANA,SANTIAGO,BLANCO ENCALADA,BASCUNAN GUERRERO,0,1,13,1,URBANA,BASCUNAN GUERRERO - BLANCO ENCALADA, , ,11,0,1,4,15,1
376,2022,REGION METROPOLITANA,SANTIAGO,ESPERANZA,ANDES,0,1,13,1,URBANA,ANDES - ESPERANZA, , ,5,0,0,0,10,0
377,2022,REGION METROPOLITANA,SANTIAGO,ESPERANZA,LIBER BERNARDO O`HIGGINS,0,1,13,1,URBANA,ESPERANZA - LIBER BERNARDO O`HIGGINS, , ,5,0,0,1,8,0
378,2022,REGION METROPOLITANA,SANTIAGO,ESPERANZA,SAN PABLO,0,1,13,1,URBANA,ESPERANZA - SAN PABLO, , ,5,0,0,0,7,1
379,2022,REGION METROPOLITANA,SANTIAGO,GRAL BULNES,PDTE BALMACEDA,0,1,13,1,URBANA,GRAL BULNES - PDTE BALMACEDA, , ,5,0,0,0,11,0
380,2022,REGION METROPOLITANA,SANTIAGO,GUARDIAMARINA ERNESTO RIQUELME,SAN PABLO,0,1,13,1,URBANA,GUARDIAMARINA ERNESTO RIQUELME - SAN PABLO, , ,5,0,0,0,7,0
381,2022,REGION METROPOLITANA,SANTIAGO,LIBER BERNARDO O`HIGGINS,LIBERTAD,0,1,13,1,URBANA,LIBER BERNARDO O`HIGGINS - LIBERTAD, , ,5,0,0,1,7,0
382,2022,REGION METROPOLITANA,SANTIAGO,LIBER BERNARDO O`HIGGINS,MANUEL RODRIGUEZ,0,1,13,1,URBANA,LIBER BERNARDO O`HIGGINS - MANUEL RODRIGUEZ, , ,7,0,0,0,10,1
383,2022,REGION METROPOLITANA,SANTIAGO,LIBER BERNARDO O`HIGGINS,PORTUGAL,0,1,13,1,URBANA,LIBER BERNARDO O`HIGGINS - PORTUGAL, , ,5,0,0,4,4,1
384,2022,REGION METROPOLITANA,SANTIAGO,LIBER BERNARDO O`HIGGINS,REPUBLICA,0,1,13,1,URBANA,LIBER BERNARDO O`HIGGINS - REPUBLICA, , ,5,0,0,0,9,0
385,2022,REGION METROPOLITANA,SANTIAGO,LIBER BERNARDO O`HIGGINS,TEATINOS,0,1,13,1,URBANA,LIBER BERNARDO O`HIGGINS - TEATINOS, , ,5,0,1,0,7,0
386,2022,REGION METROPOLITANA,SANTIAGO,LIBER BERNARDO O`HIGGINS,UNION AMERICANA,0,1,13,1,URBANA,LIBER BERNARDO O`HIGGINS - UNION AMERICANA, , ,7,0,0,1,14,0
387,2022,REGION METROPOLITANA,SANTIAGO,LIBERTAD,ROSAS,0,1,13,1,URBANA,LIBERTAD - ROSAS, , ,6,0,0,2,10,0
388,2022,REGION METROPOLITANA,SANTIAGO,MANUEL ANTONIO MATTA,ALDUNATE,0,1,13,1,URBANA,ALDUNATE - MANUEL ANTONIO MATTA, , ,5,0,0,0,9,1
389,2022,REGION METROPOLITANA,SANTIAGO,MANUEL ANTONIO MATTA,ARTURO PRAT,0,1,13,1,URBANA,ARTURO PRAT - MANUEL ANTONIO MATTA, , ,7,0,0,4,10,1
390,2022,REGION METROPOLITANA,SANTIAGO,MANUEL ANTONIO MATTA,NATANIEL COX,0,1,13,1,URBANA,MANUEL ANTONIO MATTA - NATANIEL COX, , ,7,0,1,0,9,1
391,2022,REGION METROPOLITANA,SANTIAGO,MANUEL ANTONIO MATTA,ROBERTO ESPINOZA,0,1,13,1,URBANA,MANUEL ANTONIO MATTA - ROBERTO ESPINOZA, , ,9,0,1,4,11,3
392,2022,REGION METROPOLITANA,SANTIAGO,MANUEL ANTONIO MATTA,SAN FRANCISCO,0,1,13,1,URBANA,MANUEL ANTONIO MATTA - SAN FRANCISCO, , ,5,0,0,3,5,1
393,2022,REGION METROPOLITANA,SANTIAGO,MANUEL RODRIGUEZ,CATEDRAL,0,1,13,1,URBANA,CATEDRAL - MANUEL RODRIGUEZ, , ,6,0,0,2,9,0
394,2022,REGION METROPOLITANA,SANTIAGO,MANUEL RODRIGUEZ,MONEDA,0,1,13,1,URBANA,MANUEL RODRIGUEZ - MONEDA, , ,11,0,0,4,15,1
395,2022,REGION METROPOLITANA,SANTIAGO,MANUEL RODRIGUEZ,ROSAS,0,1,13,1,URBANA,MANUEL RODRIGUEZ - ROSAS, , ,5,0,0,0,6,2
396,2022,REGION METROPOLITANA,SANTIAGO,MANUEL RODRIGUEZ,STA ISABEL,0,1,13,1,URBANA,MANUEL RODRIGUEZ - STA ISABEL, , ,7,0,0,0,12,0
397,2022,REGION METROPOLITANA,SANTIAGO,MAPOCHO,RAFAEL SOTOMAYOR,0,1,13,1,URBANA,MAPOCHO - RAFAEL SOTOMAYOR, , ,6,0,0,1,7,2
398,2022,REGION METROPOLITANA,SANTIAGO,MONEDA,MANUEL RODRIGUEZ,0,1,13,1,URBANA,MANUEL RODRIGUEZ - MONEDA, , ,6,0,0,2,10,0
399,2022,REGION METROPOLITANA,SANTIAGO,NATANIEL COX,10 DE JULIO HUAMACHUCO,0,1,13,1,URBANA,10 DE JULIO HUAMACHUCO - NATANIEL COX, , ,5,0,0,1,10,1
400,2022,REGION METROPOLITANA,SANTIAGO,RICARDO CUMMING,ROSAS,0,1,13,1,URBANA,RICARDO CUMMING - ROSAS, , ,6,0,0,3,7,0
401,2022,REGION METROPOLITANA,SANTIAGO,SAN FRANCISCO,FRANKLIN,0,1,13,1,URBANA,FRANKLIN - SAN FRANCISCO, , ,5,0,0,1,7,2
402,2022,REGION METROPOLITANA,SANTIAGO,SAN PABLO,LIBERTAD,0,1,13,1,URBANA,LIBERTAD - SAN PABLO, , ,5,0,0,0,8,0
403,2022,REGION METROPOLITANA,SANTIAGO,SAN PABLO,MANUEL RODRIGUEZ,0,1,13,1,URBANA,MANUEL RODRIGUEZ - SAN PABLO, , ,6,0,0,1,9,1
404,2022,REGION METROPOLITANA,SANTIAGO,STA ISABEL,VICUÑA MACKENNA,0,1,13,1,URBANA,STA ISABEL - VICUÑA MACKENNA, , ,5,0,0,0,9,1
405,2022,REGION METROPOLITANA,SANTIAGO,STA ROSA,ARAUCO,0,1,13,1,URBANA,ARAUCO - STA ROSA, , ,7,0,0,1,10,3
406,2022,REGION METROPOLITANA,SANTIAGO,STA ROSA,FRANKLIN,0,1,13,1,URBANA,FRANKLIN - STA ROSA, , ,5,1,0,0,7,2
407,2022,REGION METROPOLITANA,SANTIAGO,STA ROSA,MANUEL ANTONIO MATTA,0,1,13,1,URBANA,MANUEL ANTONIO MATTA - STA ROSA, , ,7,0,1,3,8,2
408,2022,REGION METROPOLITANA,SANTIAGO,VIEL,MANUEL ANTONIO MATTA,0,1,13,1,URBANA,MANUEL ANTONIO MATTA - VIEL, , ,5,0,0,6,6,1
409,2022,REGION METROPOLITANA,CURACAVI, , ,0,1,13,2,RURAL,-,RUTA 68,34,6,0,1,6,12,1
410,2022,REGION METROPOLITANA,MAIPU, , ,0,1,13,2,RURAL,-,RUTA 78,12,11,0,0,5,13,2
411,2022,REGION METROPOLITANA,MAIPU, , ,0,1,13,2,RURAL,-,RUTA 78,13,7,0,3,4,6,1
412,2022,REGION METROPOLITANA,MAIPU, , ,0,1,13,2,RURAL,-,RUTA 78,14,11,0,1,1,17,2
413,2022,REGION METROPOLITANA,MELIPILLA, , ,0,1,13,2,RURAL,-,G-74-F,2,5,0,0,0,8,2
414,2022,REGION METROPOLITANA,PADRE HURTADO, , ,0,1,13,2,RURAL,-,RUTA 78,21,5,0,0,3,6,0
415,2022,REGION METROPOLITANA,PUDAHUEL, , ,0,1,13,2,RURAL,-,RUTA 68,10,5,0,0,2,9,0
